"DCIp","DCId"
29.3367346938775,42.8571428571429
