"DCIp","DCId"
95.4200089189264,97.655014908678
